{
  "variants": {
    "facing=north": {
      "model": "katiesmod:block/katie_auto_furnace"
    },
    "facing=east": {
      "model": "katiesmod:block/katie_auto_furnace",
      "y": 90
    },
    "facing=south": {
      "model": "katiesmod:block/katie_auto_furnace",
      "y": 180
    },
    "facing=west": {
      "model": "katiesmod:block/katie_auto_furnace",
      "y": 270
    },
    "facing=up": {
      "model": "katiesmod:block/katie_auto_furnace",
      "x": 270
    },
    "facing=down": {
      "model": "katiesmod:block/katie_auto_furnace",
      "x": 90
    }
  }
}