{
  "type": "minecraft:crafting_shapeless",
  "category": "redstone",
  "ingredients": [
    {
      "item": "katiesmod:katie_air_planks"
    },
    {
      "item": "katiesmod:katie_air_planks"
    },
    {
      "item": "katiesmod:katie_air_planks"
    },
    {
      "item": "katiesmod:katie_air_planks"
    },
    {
      "item": "katiesmod:katie_air_planks"
    },
    {
      "item": "katiesmod:katie_air_planks"
    }
  ],
  "result": {
    "item": "katiesmod:katie_glow_stone",
    "count": 2
  }
}