{
  "feature": "katiesmod:katie_tree_a",
  "placement": [
    {
      "type": "minecraft:rarity_filter",
      "chance": 2
    },
    {
      "type": "minecraft:count",
      "count": {
        "type": "uniform",
        "value": {
          "min_inclusive": 0,
          "max_inclusive": 1
        }
      }
    },
    {
      "type": "minecraft:in_square"
    },
    {
      "type": "minecraft:heightmap",
      "heightmap": "OCEAN_FLOOR_WG"
    },
    {
      "type": "minecraft:block_predicate_filter",
      "predicate": {
        "type": "minecraft:matching_blocks",
        "blocks": [
          "minecraft:dirt",
          "minecraft:stone",
          "minecraft:coarse_dirt",
          "minecraft:podzol",
          "minecraft:rooted_dirt",
          "minecraft:sand",
          "minecraft:grass_block"
        ],
        "offset": [
          0,
          -1,
          0
        ]
      }
    },
    {
      "type": "minecraft:biome"
    }
  ]
}