{
  "type": "minecraft:crafting_shapeless",
  "category": "redstone",
  "ingredients": [
    {
      "item": "katiesmod:katie_wood"
    },
    {
      "item": "katiesmod:katie_wood"
    },
    {
      "item": "katiesmod:katie_wood"
    },
    {
      "item": "katiesmod:katie_wood"
    },
    {
      "item": "katiesmod:katie_wood"
    },
    {
      "item": "katiesmod:katie_wood"
    },
    {
      "item": "katiesmod:katie_wood"
    },
    {
      "item": "katiesmod:katie_wood"
    },
    {
      "item": "katiesmod:katie_wood"
    }
  ],
  "result": {
    "item": "minecraft:ender_pearl",
    "count": 1
  }
}