{
  "type": "minecraft:crafting_shapeless",
  "category": "misc",
  "ingredients": [
    {
      "item": "katiesmod:katie_air_planks"
    },
    {
      "item": "katiesmod:katie_air_planks"
    },
    {
      "item": "katiesmod:katie_air_planks"
    },
    {
      "item": "katiesmod:katie_air_planks"
    },
    {
      "item": "katiesmod:katie_air_planks"
    },
    {
      "item": "katiesmod:katie_air_planks"
    },
    {
      "item": "katiesmod:katie_air_planks"
    },
    {
      "item": "katiesmod:katie_air_planks"
    }
  ],
  "result": {
    "item": "katiesmod:katie_plank",
    "count": 4
  }
}