{
  "_fv": 73,
  "_type": "recipe",
  "definition": {
    "recipeType": "Crafting",
    "recipeRetstackSize": 1,
    "group": "",
    "cookingBookCategory": "MISC",
    "xpReward": 0.0,
    "cookingTime": 200,
    "craftingBookCategory": "REDSTONE",
    "recipeShapeless": false,
    "recipeSlots": [
      {
        "value": "CUSTOM:KatieAirPlanks"
      },
      {
        "value": "CUSTOM:KatieAirPlanks"
      },
      {
        "value": "CUSTOM:KatieAirPlanks"
      },
      {
        "value": "CUSTOM:KatieAirPlanks"
      },
      {
        "value": ""
      },
      {
        "value": "CUSTOM:KatieAirPlanks"
      },
      {
        "value": "CUSTOM:KatieAirPlanks"
      },
      {
        "value": "CUSTOM:KatieAirPlanks"
      },
      {
        "value": "CUSTOM:KatieAirPlanks"
      }
    ],
    "recipeReturnStack": {
      "value": "Blocks.CHEST"
    },
    "name": "katie_chest",
    "namespace": "mod"
  }
}