{
  "_fv": 73,
  "_type": "recipe",
  "definition": {
    "recipeType": "Crafting",
    "recipeRetstackSize": 1,
    "group": "",
    "cookingBookCategory": "MISC",
    "xpReward": 0.0,
    "cookingTime": 200,
    "craftingBookCategory": "REDSTONE",
    "recipeShapeless": true,
    "recipeSlots": [
      {
        "value": "CUSTOM:KatieWood"
      },
      {
        "value": "CUSTOM:KatieWood"
      },
      {
        "value": "CUSTOM:KatieWood"
      },
      {
        "value": "CUSTOM:KatieWood"
      },
      {
        "value": "CUSTOM:KatieWood"
      },
      {
        "value": "CUSTOM:KatieWood"
      },
      {
        "value": "CUSTOM:KatieWood"
      },
      {
        "value": "CUSTOM:KatieWood"
      },
      {
        "value": "CUSTOM:KatieWood"
      }
    ],
    "recipeReturnStack": {
      "value": "Items.ENDER_PEARL"
    },
    "name": "katie_pearl",
    "namespace": "mod"
  }
}