{
  "_fv": 73,
  "_type": "function",
  "definition": {
    "code": "recipe give @s katiesmod:katie_air_plank_glow\nrecipe give @s katiesmod:katie_air_plank_recipe\nrecipe give @s katiesmod:katie_anvil\nrecipe give @s katiesmod:katie_axe\nrecipe give @s katiesmod:katie_basic_furnace\nrecipe give @s katiesmod:katie_chest\nrecipe give @s katiesmod:katie_dust_to_ore\nrecipe give @s katiesmod:fence\nrecipe give @s katiesmod:katie_furnace_recipe\nrecipe give @s katiesmod:katie_furnace_recipe_a\nrecipe give @s katiesmod:katie_gate\nrecipe give @s katiesmod:katie_hoe\nrecipe give @s katiesmod:katie_over_world\nrecipe give @s katiesmod:katie_pearl\nrecipe give @s katiesmod:katie_pick\nrecipe give @s katiesmod:katie_planks\nrecipe give @s katiesmod:katie_portal\nrecipe give @s katiesmod:katie_potion_from_dust\nrecipe give @s katiesmod:katie_redstone\nrecipe give @s katiesmod:katie_sapling_recipe\nrecipe give @s katiesmod:katie_shovel\nrecipe give @s katiesmod:katie_stick\nrecipe give @s katiesmod:katie_sword",
    "name": "katie_advancement",
    "namespace": "mod"
  }
}