{
  "_fv": 73,
  "_type": "structure",
  "definition": {
    "structure": "katiecorner",
    "projection": "terrain_matching",
    "ignoredBlocks": [
      {
        "value": "Blocks.STRUCTURE_BLOCK"
      }
    ],
    "spacing": 5,
    "separation": 2,
    "restrictionBiomes": [
      {
        "value": "#minecraft:is_overworld"
      }
    ],
    "terrainAdaptation": "beard_thin",
    "generationStep": "UNDERGROUND_STRUCTURES",
    "surfaceDetectionType": "WORLD_SURFACE_WG",
    "useStartHeight": false,
    "startHeightProviderType": "UNIFORM",
    "startHeightMin": -64,
    "startHeightMax": 30,
    "size": 1,
    "maxDistanceFromCenter": 64,
    "jigsawPools": []
  }
}