{
  "_fv": 73,
  "_type": "recipe",
  "definition": {
    "recipeType": "Crafting",
    "recipeRetstackSize": 2,
    "group": "",
    "cookingBookCategory": "MISC",
    "xpReward": 0.0,
    "cookingTime": 200,
    "craftingBookCategory": "REDSTONE",
    "recipeShapeless": false,
    "recipeSlots": [
      {
        "value": "CUSTOM:KatieGlowStone"
      },
      {
        "value": "Items.REDSTONE"
      },
      {
        "value": "CUSTOM:KatieGlowStone"
      },
      {
        "value": "Items.REDSTONE"
      },
      {
        "value": "Items.ENDER_PEARL"
      },
      {
        "value": "Items.REDSTONE"
      },
      {
        "value": "CUSTOM:KatieGlowStone"
      },
      {
        "value": "Items.REDSTONE"
      },
      {
        "value": "CUSTOM:KatieGlowStone"
      }
    ],
    "recipeReturnStack": {
      "value": "CUSTOM:KatieNetherPearl"
    },
    "name": "katie_portal",
    "namespace": "mod"
  }
}