{
  "_fv": 73,
  "_type": "potion",
  "definition": {
    "potionName": "Potion of Katie Vision",
    "splashName": "Splash Potion of Katie Vision",
    "lingeringName": "Lingering Potion of Katie Vision",
    "arrowName": "Arrow of Katie Vision",
    "effects": [
      {
        "effect": {
          "value": "CUSTOM:KatieVisionPotionEffect"
        },
        "duration": 3600,
        "infinite": false,
        "amplifier": 4,
        "ambient": false,
        "showParticles": true
      }
    ]
  }
}