{
  "type": "minecraft:crafting_shapeless",
  "category": "misc",
  "ingredients": [
    {
      "item": "minecraft:iron_nugget"
    },
    {
      "item": "minecraft:iron_nugget"
    },
    {
      "item": "minecraft:iron_nugget"
    },
    {
      "item": "minecraft:iron_nugget"
    },
    {
      "item": "minecraft:iron_nugget"
    },
    {
      "item": "minecraft:iron_nugget"
    },
    {
      "item": "minecraft:iron_nugget"
    },
    {
      "item": "minecraft:iron_nugget"
    }
  ],
  "result": {
    "item": "minecraft:raw_iron",
    "count": 1
  }
}