{
  "display": {
    "background": "minecraft:textures/block/stone.png",
    "icon": {
      "item": "katiesmod:katie_sapling"
    },
    "title": {
      "translate": "advancements.katie_planks_yus_please.title"
    },
    "description": {
      "translate": "advancements.katie_planks_yus_please.descr"
    },
    "frame": "task",
    "show_toast": true,
    "announce_to_chat": true,
    "hidden": false
  },
  "criteria": {
    "katie_planks_yus_please_0": {
      "trigger": "minecraft:inventory_changed",
      "conditions": {
        "items": [
          {
            "items": [
              "katiesmod:katie_plank"
            ],
            "count": {
              "min": 1,
              "max": 64
            }
          }
        ]
      }
    }
  },
  "rewards": {
    "experience": 0,
    "function": "katiesmod:katie_advancement"
  }
}