{
  "feature": "katiesmod:katie_tree_a",
  "placement": [
    {
      "type": "minecraft:rarity_filter",
      "chance": 64
    },
    {
      "type": "minecraft:count",
      "count": {
        "type": "uniform",
        "value": {
          "min_inclusive": 0,
          "max_inclusive": 2
        }
      }
    },
    {
      "type": "minecraft:in_square"
    },
    {
      "type": "minecraft:heightmap",
      "heightmap": "OCEAN_FLOOR_WG"
    },
    {
      "type": "minecraft:block_predicate_filter",
      "predicate": {
        "type": "minecraft:matching_blocks",
        "blocks": "minecraft:grass_block",
        "offset": [
          0,
          -1,
          0
        ]
      }
    }
  ]
}