{
  "type": "minecraft:tree",
  "config": {
    "dirt_provider": {
      "type": "minecraft:simple_state_provider",
      "state": {
        "Name": "katiesmod:katie_air_planks"
      }
    },
    "foliage_provider": {
      "type": "minecraft:simple_state_provider",
      "state": {
        "Name": "katiesmod:katie_leaves"
      }
    },
    "trunk_provider": {
      "type": "minecraft:simple_state_provider",
      "state": {
        "Name": "katiesmod:katie_wood"
      }
    },
    "force_dirt": true,
    "ignore_vines": true,
    "foliage_placer": {
      "type": "minecraft:blob_foliage_placer",
      "radius": 2,
      "offset": 0,
      "height": 3
    },
    "trunk_placer": {
      "type": "minecraft:straight_trunk_placer",
      "base_height": 5,
      "height_rand_a": 2,
      "height_rand_b": 5
    },
    "minimum_size": {
      "type": "minecraft:two_layers_feature_size",
      "limit": 1,
      "lower_size": 0,
      "upper_size": 1
    },
    "decorators": [
      {
        "type": "minecraft:alter_ground",
        "provider": {
          "type": "minecraft:simple_state_provider",
          "state": {
            "Name": "katiesmod:katie_air_planks"
          }
        }
      }
    ]
  }
}