{
  "multipart": [
    {
      "apply": {
        "model": "katiesmod:block/katie_post"
      }
    },
    {
      "when": {
        "north": true
      },
      "apply": {
        "model": "katiesmod:block/katie_side"
      }
    },
    {
      "when": {
        "east": true
      },
      "apply": {
        "model": "katiesmod:block/katie_side",
        "y": 90
      }
    },
    {
      "when": {
        "south": true
      },
      "apply": {
        "model": "katiesmod:block/katie_side_alt"
      }
    },
    {
      "when": {
        "west": true
      },
      "apply": {
        "model": "katiesmod:block/katie_side_alt",
        "y": 90
      }
    },
    {
      "when": {
        "north": false
      },
      "apply": {
        "model": "katiesmod:block/katie_noside"
      }
    },
    {
      "when": {
        "east": false
      },
      "apply": {
        "model": "katiesmod:block/katie_noside_alt"
      }
    },
    {
      "when": {
        "south": false
      },
      "apply": {
        "model": "katiesmod:block/katie_noside_alt",
        "y": 90
      }
    },
    {
      "when": {
        "west": false
      },
      "apply": {
        "model": "katiesmod:block/katie_noside",
        "y": 270
      }
    }
  ]
}