{
  "type": "minecraft:tree",
  "config": {
    "dirt_provider": {
      "type": "minecraft:simple_state_provider",
      "state": {
        "Name": "katiesmod:katie_air_planks"
      }
    },
    "foliage_provider": {
      "type": "minecraft:simple_state_provider",
      "state": {
        "Name": "katiesmod:katie_leaves"
      }
    },
    "trunk_provider": {
      "type": "minecraft:simple_state_provider",
      "state": {
        "Name": "katiesmod:katie_wood"
      }
    },
    "force_dirt": true,
    "ignore_vines": false,
    "foliage_placer": {
      "type": "minecraft:mega_pine_foliage_placer",
      "offset": 0,
      "radius": 0,
      "crown_height": {
        "type": "uniform",
        "value": {
          "min_inclusive": 13,
          "max_inclusive": 17
        }
      }
    },
    "trunk_placer": {
      "type": "minecraft:giant_trunk_placer",
      "base_height": 16,
      "height_rand_a": 8,
      "height_rand_b": 8
    },
    "minimum_size": {
      "type": "minecraft:two_layers_feature_size",
      "limit": 1,
      "lower_size": 1,
      "upper_size": 2
    },
    "decorators": [
      {
        "type": "minecraft:alter_ground",
        "provider": {
          "type": "minecraft:simple_state_provider",
          "state": {
            "Name": "katiesmod:katie_air_planks"
          }
        }
      }
    ]
  }
}