{
  "_fv": 73,
  "_type": "potioneffect",
  "definition": {
    "effectName": "Katie Vision Potion Effect",
    "icon": "katiepotionvision",
    "color": {
      "value": -1,
      "falpha": 0.0
    },
    "isInstant": true,
    "mobEffectCategory": "BENEFICIAL",
    "renderStatusInInventory": true,
    "renderStatusInHUD": true,
    "isCuredByMilk": false,
    "isProtectedByTotem": false,
    "isCuredbyHoney": false,
    "modifiers": [
      {
        "attribute": {
          "value": "CUSTOM:KatieVision"
        },
        "amount": 3.9800000000000004,
        "operation": "ADD_VALUE"
      }
    ],
    "onStarted": {
      "name": "KatieVisionPotionEffectEffectapplied"
    },
    "onActiveTick": {
      "name": "KatieVisionPotionEffectEffectStartedapplied"
    }
  }
}