{
  "_fv": 73,
  "_type": "block",
  "definition": {
    "texture": "blanktexta",
    "textureTop": "blanktexta",
    "textureLeft": "blanktexta",
    "textureFront": "blanktexta",
    "textureRight": "blanktexta",
    "textureBack": "blanktexta",
    "renderType": 10,
    "customModelName": "Normal",
    "rotationMode": 0,
    "enablePitch": false,
    "emissiveRendering": false,
    "displayFluidOverlay": false,
    "itemTexture": "",
    "particleTexture": "",
    "tintType": "No tint",
    "isItemTinted": false,
    "hasTransparency": false,
    "connectedSides": true,
    "transparencyType": "CUTOUT",
    "disableOffset": false,
    "boundingBoxes": [
      {
        "mx": 0.0,
        "my": 0.0,
        "mz": 0.0,
        "Mx": 16.0,
        "My": 16.0,
        "Mz": 16.0,
        "subtract": false
      }
    ],
    "customProperties": [
      {
        "min": 0,
        "max": 15,
        "name": "CUSTOM:redstonelevel",
        "type": "integer",
        "value": 0
      }
    ],
    "name": "Katie Air Planks Solid",
    "specialInformation": {
      "fixedValue": []
    },
    "hardness": 1.0,
    "resistance": 3.0,
    "hasGravity": false,
    "isWaterloggable": false,
    "creativeTabs": [
      {
        "value": "DECORATIONS"
      }
    ],
    "destroyTool": "pickaxe",
    "customDrop": {
      "value": "CUSTOM:KatieAirPlanks"
    },
    "dropAmount": 1,
    "useLootTableForDrops": false,
    "requiresCorrectTool": false,
    "enchantPowerBonus": 0.0,
    "plantsGrowOn": false,
    "canRedstoneConnect": true,
    "lightOpacity": 6,
    "material": {
      "value": "NONE"
    },
    "tickRate": 0,
    "tickRandomly": false,
    "isReplaceable": false,
    "canProvidePower": true,
    "emittedRedstonePower": {
      "fixedValue": 2.0,
      "name": "KatieAirPlanksSolidStateEmittedRedstonePower"
    },
    "colorOnMap": "DEFAULT",
    "creativePickItem": {
      "value": ""
    },
    "offsetType": "NONE",
    "aiPathNodeType": "LAVA",
    "flammability": 0,
    "fireSpreadSpeed": 0,
    "isLadder": false,
    "slipperiness": 0.6,
    "speedFactor": 1.0,
    "jumpFactor": 1.0,
    "reactionToPushing": "NORMAL",
    "isNotColidable": true,
    "isCustomSoundType": false,
    "soundOnStep": {
      "value": "AMETHYST_BLOCK"
    },
    "breakSound": {
      "value": "record.blocks"
    },
    "fallSound": {
      "value": ""
    },
    "hitSound": {
      "value": "entity.tnt.primed"
    },
    "placeSound": {
      "value": ""
    },
    "stepSound": {
      "value": ""
    },
    "luminance": 1,
    "unbreakable": true,
    "vanillaToolTier": "STONE",
    "isBonemealable": true,
    "hasInventory": false,
    "openGUIOnRightClick": false,
    "inventorySize": 9,
    "inventoryStackSize": 64,
    "inventoryDropWhenDestroyed": true,
    "inventoryComparatorPower": true,
    "inventoryOutSlotIDs": [],
    "inventoryInSlotIDs": [],
    "hasEnergyStorage": false,
    "energyInitial": 0,
    "energyCapacity": 400000,
    "energyMaxReceive": 200,
    "energyMaxExtract": 200,
    "isFluidTank": false,
    "fluidCapacity": 8000,
    "fluidRestrictions": [],
    "onRightClicked": {
      "name": "KatieAirPlanksNeighbourBlockChanges"
    },
    "onRedstoneOff": {
      "name": "KatieAirPlanksRedstoneOff"
    },
    "generateFeature": false,
    "restrictionBiomes": [],
    "blocksToReplace": [
      {
        "value": "TAG:stone_ore_replaceables"
      }
    ],
    "generationShape": "UNIFORM",
    "frequencyPerChunks": 10,
    "frequencyOnChunk": 16,
    "minGenerateHeight": 0,
    "maxGenerateHeight": 64
  }
}