{
  "_fv": 73,
  "_type": "villagertrade",
  "definition": {
    "tradeEntries": [
      {
        "villagerProfession": {
          "value": "FARMER"
        },
        "entries": [
          {
            "price1": {
              "value": "CUSTOM:KatieAirPlanks"
            },
            "countPrice1": 48,
            "price2": {
              "value": "CUSTOM:KatiePlank"
            },
            "countPrice2": 6,
            "offer": {
              "value": "CUSTOM:KatieNetherPearl"
            },
            "countOffer": 2,
            "level": 1,
            "maxTrades": 100,
            "xp": 50,
            "priceMultiplier": 5.0E-4
          },
          {
            "price1": {
              "value": "CUSTOM:KatieWood"
            },
            "countPrice1": 8,
            "price2": {
              "value": "CUSTOM:KatieSapling"
            },
            "countPrice2": 3,
            "offer": {
              "value": "Blocks.RAW_IRON_BLOCK"
            },
            "countOffer": 1,
            "level": 2,
            "maxTrades": 100,
            "xp": 50,
            "priceMultiplier": 0.05
          },
          {
            "price1": {
              "value": "CUSTOM:KatieWood"
            },
            "countPrice1": 2,
            "price2": {
              "value": "CUSTOM:KatiePlank"
            },
            "countPrice2": 12,
            "offer": {
              "value": "CUSTOM:KatieVisionPotion"
            },
            "countOffer": 64,
            "level": 3,
            "maxTrades": 10,
            "xp": 40,
            "priceMultiplier": 0.05
          },
          {
            "price1": {
              "value": "CUSTOM:KatieNetherPearl"
            },
            "countPrice1": 1,
            "price2": {
              "value": "CUSTOM:KatieWood"
            },
            "countPrice2": 16,
            "offer": {
              "value": "CUSTOM:KatieOverWorldPearl"
            },
            "countOffer": 16,
            "level": 1,
            "maxTrades": 10,
            "xp": 50,
            "priceMultiplier": 0.05
          },
          {
            "price1": {
              "value": "Items.IRON_INGOT"
            },
            "countPrice1": 6,
            "price2": {
              "value": ""
            },
            "countPrice2": 1,
            "offer": {
              "value": "CUSTOM:KatieSapling"
            },
            "countOffer": 6,
            "level": 5,
            "maxTrades": 10,
            "xp": 5,
            "priceMultiplier": 0.05
          }
        ]
      }
    ]
  }
}