{
  "_fv": 73,
  "_type": "feature",
  "definition": {
    "skipPlacement": false,
    "generationStep": "UNDERGROUND_DECORATION",
    "restrictionBiomes": [],
    "featurexml": "<xml xmlns=\"https://developers.google.com/blockly/xml\"><block type=\"feature_container\" deletable=\"false\" x=\"-43\" y=\"-179\"><value name=\"feature\"><block type=\"feature_tree_simple\"><mutation xmlns=\"http://www.w3.org/1999/xhtml\" inputs=\"1\"></mutation><field name=\"type\">oak</field><field name=\"base_height\">5</field><field name=\"height_variation_a\">2</field><field name=\"height_variation_b\">5</field><field name=\"force_dirt\">TRUE</field><field name=\"ignore_vines\">TRUE</field><comment pinned=\"false\" h=\"80\" w=\"160\">This block represents a birch tree with a 2% chance of having a beehive, and should generate during the VEGETAL_DECORATION stage.</comment><value name=\"dirt\"><block type=\"blockstate_selector\"><mutation xmlns=\"http://www.w3.org/1999/xhtml\" inputs=\"0\"></mutation><field name=\"block\">CUSTOM:KatieAirPlanks</field><comment pinned=\"false\" h=\"80\" w=\"160\">This is the block that will be placed under the trunk</comment></block></value><value name=\"trunk\"><block type=\"blockstate_selector\"><mutation xmlns=\"http://www.w3.org/1999/xhtml\" inputs=\"0\"></mutation><field name=\"block\">CUSTOM:KatieWood</field><comment pinned=\"false\" h=\"80\" w=\"160\">This is the block used for the trunk</comment></block></value><value name=\"foliage\"><block type=\"blockstate_selector\"><mutation xmlns=\"http://www.w3.org/1999/xhtml\" inputs=\"0\"></mutation><field name=\"block\">CUSTOM:KatieLeaves</field><comment pinned=\"false\" h=\"80\" w=\"160\">This is the block used for the leaves</comment></block></value><value name=\"root_placer\"><block type=\"root_placer_none\"><comment pinned=\"false\" h=\"80\" w=\"160\">Birch trees don't have roots</comment></block></value><value name=\"decorator0\"><block type=\"tree_decorator_alter_ground\"><value name=\"provider\"><block type=\"blockstate_selector\"><mutation xmlns=\"http://www.w3.org/1999/xhtml\" inputs=\"0\"></mutation><field name=\"block\">CUSTOM:KatieAirPlanks</field></block></value></block></value></block></value><next><block type=\"placement_rarity\"><field name=\"rarity\">64</field><next><block type=\"placement_count\"><value name=\"count\"><block type=\"int_provider_uniform\"><field name=\"min\">0</field><field name=\"max\">2</field></block></value><next><block type=\"placement_in_square\"><next><block type=\"placement_heightmap\"><field name=\"heightmap\">OCEAN_FLOOR_WG</field><next><block type=\"placement_block_predicate_filter\"><value name=\"condition\"><block type=\"block_predicate_matching_blocks\"><field name=\"x\">0</field><field name=\"y\">-1</field><field name=\"z\">0</field><value name=\"blockSet\"><block type=\"block_holderset_list\"><mutation xmlns=\"http://www.w3.org/1999/xhtml\" inputs=\"1\"></mutation><field name=\"block0\">Blocks.GRASS</field></block></value></block></value></block></next></block></next></block></next></block></next></block></next></block><block type=\"placement_count\" x=\"-583\" y=\"232\"><value name=\"count\"><block type=\"int_provider_uniform\"><field name=\"min\">1</field><field name=\"max\">4</field></block></value><next><block type=\"placement_in_square\"><next><block type=\"placement_height_triangular\"><value name=\"min\"><block type=\"vertical_anchor_absolute\"><field name=\"value\">-120</field></block></value><value name=\"max\"><block type=\"vertical_anchor_absolute\"><field name=\"value\">16</field></block></value><next><block type=\"placement_block_survival_filter\"><value name=\"block\"><block type=\"blockstate_selector\"><mutation xmlns=\"http://www.w3.org/1999/xhtml\" inputs=\"0\"></mutation><field name=\"block\">Blocks.DEEPSLATE_REDSTONE_ORE</field></block></value><next><block type=\"placement_biome_filter\"></block></next></block></next></block></next></block></next></block></xml>"
  }
}