{
  "_fv": 73,
  "_type": "recipe",
  "definition": {
    "recipeType": "Crafting",
    "recipeRetstackSize": 9,
    "group": "",
    "cookingBookCategory": "MISC",
    "xpReward": 0.0,
    "cookingTime": 200,
    "craftingBookCategory": "REDSTONE",
    "recipeShapeless": true,
    "recipeSlots": [
      {
        "value": "Items.GLOWSTONE_DUST"
      },
      {
        "value": "Items.GLOWSTONE_DUST"
      },
      {
        "value": "Items.GLOWSTONE_DUST"
      },
      {
        "value": "Items.GLOWSTONE_DUST"
      },
      {
        "value": "Items.GLOWSTONE_DUST"
      },
      {
        "value": "Items.GLOWSTONE_DUST"
      },
      {
        "value": ""
      },
      {
        "value": ""
      },
      {
        "value": ""
      }
    ],
    "recipeReturnStack": {
      "value": "CUSTOM:KatieAirPlanks"
    },
    "name": "katie_glow_air",
    "namespace": "mod"
  }
}